-3.973545084392152843e-02,-2.428756010807715804e-01,8.624987892407839363e-01,-6.237190307652819010e-01,1.260819696424084091e+00,-1.790312842965618101e+00,4.795729540405992974e-01,8.568971057364064281e-01,1.054799610393067466e+00,-1.832437985666225955e-01,7.416920396951146577e-01,7.018563618562639883e-01,-1.323298031928182850e+00,-2.470222087266777056e+00,-2.470222087266777056e+00,-2.470222087266777056e+00,-2.470222087266777056e+00,-2.470222087266777056e+00,-2.470222087266777056e+00,-2.470222087266777056e+00,-2.470222087266777056e+00,-2.470222087266777056e+00,-2.470222087266777056e+00,-2.470222087266777056e+00,-2.470222087266777056e+00,-8.502971148346550878e-01,-3.443318096893042135e-01,-1.673866528889830230e-01,-1.777693663897457477e-01,1.354727748497310147e+00,1.304072050025672225e-01,-1.868149891714811162e+00,-2.903743820881635185e-02,8.975623159354384484e-01,5.842674383607689981e-01,-7.354194399554128680e-02,-2.359564428753876619e+00,-1.130284796783398438e+00,5.451205301015781685e-02
4.311499487420250576e-01,7.335925493088303606e-02,7.153898101425172351e-01,5.027711804108632165e-01,8.357402091479005923e-01,-5.749041903812741605e-01,-2.203186476680789596e-01,2.770990502251168830e-01,2.592095456977057122e-01,-1.246209938337175527e-02,2.767906645288176204e-01,1.243708201115176104e+00,-1.323284566847596766e+00,-4.064283121463667103e-01,-4.064283121463667103e-01,-4.064283121463667103e-01,-4.064283121463667103e-01,-4.064283121463667103e-01,-4.064283121463667103e-01,-4.064283121463667103e-01,-4.064283121463667103e-01,-4.064283121463667103e-01,-4.064283121463667103e-01,-4.064283121463667103e-01,-4.064283121463667103e-01,-8.340625749187151605e-01,-1.208656618541166343e-02,-3.222894375851439452e-01,-3.542535632245089605e-01,8.532361358155615694e-01,5.898782988508017855e-01,-5.845669810335140104e-01,-2.651728325198740022e-01,6.619713234845160388e-01,-1.726946044074640085e-01,-8.739837019316576416e-01,-2.356256192879802383e-02,-4.342237237119049749e-03,5.077755233475371444e-02
9.315008651524644412e-01,7.753268685972661833e-01,4.314628864108318584e-01,1.139787800830210085e-01,9.194996815863889505e-01,-2.332370112616075075e-01,3.095659414850927549e-01,-2.822739340551372322e-01,6.575775527446676982e-02,2.300046686256516926e-01,-5.791349183236836895e-01,4.576037527115050518e-01,-1.322803116359597908e+00,-7.842702173416484790e-01,-7.842702173416484790e-01,-7.842702173416484790e-01,-7.842702173416484790e-01,-7.842702173416484790e-01,-7.842702173416484790e-01,-7.842702173416484790e-01,-7.842702173416484790e-01,-7.842702173416484790e-01,-7.842702173416484790e-01,-7.842702173416484790e-01,-7.842702173416484790e-01,-8.205614547633546252e-01,5.552329921477430208e-01,4.483523575180604070e-01,-2.688682290819209286e-01,1.692457300162291400e-01,-1.584453206184891199e-03,2.008573920753810582e-01,5.303206624968799521e-02,-1.642107501679243853e-01,6.702573214482290265e-01,-2.162404499452095022e-02,-1.081830597632920332e+00,-9.612732674512695086e-01,7.220674129652332462e-02
1.082350912510143814e+00,1.137889955115186869e+00,-2.644629179558772303e-01,6.963353976315230787e-01,-4.093429024459366850e-01,-4.249363369248478906e-01,3.328965045464872818e-01,3.890993749085856490e-01,-3.516569338732381533e-01,5.177481601480136142e-01,-6.992917113818024610e-01,1.232465586838837446e+00,-1.320475653138920347e+00,-6.515589978389668691e-01,-6.515589978389668691e-01,-6.515589978389668691e-01,-6.515589978389668691e-01,-6.515589978389668691e-01,-6.515589978389668691e-01,-6.515589978389668691e-01,-6.515589978389668691e-01,-6.515589978389668691e-01,-6.515589978389668691e-01,-6.515589978389668691e-01,-6.515589978389668691e-01,-8.063855006236865242e-01,8.432983562502898156e-01,3.596791332248842066e-01,3.575616507043560821e-01,8.811793413949058351e-01,-5.811824635837629094e-01,-4.024771788268027284e-01,2.946260629492800098e-01,2.539347249467995837e-01,3.693066620004832323e-01,-6.110372131750838598e-01,-7.766387291613584543e-01,5.193662740220616331e-02,1.136381887038138833e-01
1.359741311225696192e+00,9.672911219107096503e-01,-6.599688354507783350e-01,1.171156839766310354e+00,1.090501036384026456e-01,-8.557456223052726241e-01,-4.306341292261449405e-02,-7.157877939207244952e-03,-6.663318113471662640e-02,5.108915491522381114e-01,-5.143236671444161301e-01,1.713762593219129826e+00,-1.318069813842219329e+00,-3.160052180273718037e-01,-3.160052180273718037e-01,-3.160052180273718037e-01,-3.160052180273718037e-01,-3.160052180273718037e-01,-3.160052180273718037e-01,-3.160052180273718037e-01,-3.160052180273718037e-01,-3.160052180273718037e-01,-3.160052180273718037e-01,-3.160052180273718037e-01,-3.160052180273718037e-01,-7.810718712661512964e-01,1.435407090743850977e+00,-9.495613880602969681e-02,-4.944687886030442181e-01,1.389913696880348493e+00,7.259028040354441325e-02,-3.016676945465938675e-01,-1.443955770487788670e-01,2.457847632273419403e-01,2.891193763316932674e-01,-1.064845715546546501e+00,-3.223205827073151175e-01,7.788583536172394295e-01,2.483472039653195906e-01
1.545833044899723507e+00,4.673850930245019852e-01,-2.459795337348835431e-01,1.255345060556040337e+00,-5.585476798286087563e-01,-3.893532191262407682e-01,7.846436862144793092e-03,4.880508976558585732e-01,-6.708930468030769312e-01,1.143159385006812245e+00,-6.527664267667439013e-01,9.457999037083753002e-01,-1.313721774018627997e+00,-5.476350976333796972e-01,-5.476350976333796972e-01,-5.476350976333796972e-01,-5.476350976333796972e-01,-5.476350976333796972e-01,-5.476350976333796972e-01,-5.476350976333796972e-01,-5.476350976333796972e-01,-5.476350976333796972e-01,-5.476350976333796972e-01,-5.476350976333796972e-01,-5.476350976333796972e-01,-7.440574721143473624e-01,1.117431178438153205e+00,-4.104931723538164379e-01,2.893029349381651683e-01,1.215208084237483943e+00,-3.406611010033809284e-01,-2.400437468708745137e-01,2.300913560963611104e-01,-3.558276234405684524e-01,4.069507781863266338e-01,-4.006766995408697074e-01,-1.063378849701521078e+00,6.588696750898218601e-01,5.968019189301592142e-01
1.411782609755489304e+00,3.892516036543424152e-01,1.055642164716622255e-01,4.826946627160252218e-02,-2.379016346932086579e-01,-2.061404089699940823e-01,-5.626448767381405647e-01,1.077990870738186890e+00,-1.515352119514830620e-01,2.918974972125213396e-01,-3.859072541714585469e-01,7.003780346971223425e-01,-1.307707844098133565e+00,-1.190361646678145258e-01,-1.190361646678145258e-01,-1.190361646678145258e-01,-1.190361646678145258e-01,-1.190361646678145258e-01,-1.190361646678145258e-01,-1.190361646678145258e-01,-1.190361646678145258e-01,-1.190361646678145258e-01,-1.190361646678145258e-01,-1.190361646678145258e-01,-1.190361646678145258e-01,-6.444875801781727587e-01,8.504500318617040922e-01,2.135593850904410618e-01,-9.082013373864787631e-02,5.336365601428343375e-01,5.038338755163573879e-01,-9.723835312265820541e-01,-4.935126587151792976e-01,5.991981149555806185e-01,2.342174862437534921e-01,-8.632378405709734137e-01,-2.692410836722390344e-01,1.440755858359329844e+00,1.108152592835410788e+00
1.498217807836029536e+00,1.090084202496775269e-02,1.810016175419822959e-01,-3.823323346437257353e-01,-6.368189032315463294e-02,-6.507258816367641474e-01,-6.852928876926800417e-01,1.362037937591941361e+00,-1.035398023732596817e+00,5.407054992688381523e-01,-1.213284667488032875e+00,-6.667499322381359450e-01,-1.298083938667178305e+00,-1.767719766811019499e-01,-1.767719766811019499e-01,-1.767719766811019499e-01,-1.767719766811019499e-01,-1.767719766811019499e-01,-1.767719766811019499e-01,-1.767719766811019499e-01,-1.767719766811019499e-01,-1.767719766811019499e-01,-1.767719766811019499e-01,-1.767719766811019499e-01,-1.767719766811019499e-01,-4.153929051742739631e-01,8.975841013658207856e-01,9.308929882117911170e-02,-2.533411389513546275e-01,7.285731156750668847e-01,5.233404717568830300e-01,-1.391555094871383735e+00,-2.931769132590044125e-01,-2.252087608552795148e-02,6.125152141814922402e-01,3.320964014882240578e-01,-9.807897450782263604e-01,6.693694978018621677e-01,1.692809457504669712e+00
1.862635085992647488e+00,2.469746730592053269e-02,-7.507381524363795355e-01,-4.548217775788976902e-01,-5.335177119584210148e-01,1.927128657648909948e-01,-8.306992828454430322e-01,1.410174298681969862e+00,-1.495899447300591101e+00,2.486447762211354759e-02,-1.722652759993780869e+00,-9.691467647518784423e-01,-1.277877765175727376e+00,-1.762863448002533959e-02,-1.762863448002533959e-02,-1.762863448002533959e-02,-1.762863448002533959e-02,-1.762863448002533959e-02,-1.762863448002533959e-02,-1.762863448002533959e-02,-1.762863448002533959e-02,-1.762863448002533959e-02,-1.762863448002533959e-02,-1.762863448002533959e-02,-1.762863448002533959e-02,-3.394885776631545449e-02,1.699653933760616242e+00,2.963719995789450556e-01,-5.235431577437587025e-01,1.407870420822342726e-02,4.246406109213223812e-01,-1.135341880370381196e+00,-2.802801891082379315e-01,3.303476590345860164e-01,8.446350434939310370e-01,1.288438314179866373e-01,-1.209684300468025109e+00,1.501088699694679063e+00,1.764371605900818318e+00
1.708651039090181234e+00,-7.078448578021814819e-02,-8.564132767153584957e-01,-3.809420472337353147e-01,-1.161880012029285369e+00,4.364121505009760926e-01,-7.580494211660325776e-01,6.876889711560623120e-01,-1.328879024480024373e+00,-9.657144760515853354e-01,-1.756492829352656715e+00,-1.357579590021527505e+00,-1.235599737446953617e+00,9.380679193647402103e-01,9.380679193647402103e-01,9.380679193647402103e-01,9.380679193647402103e-01,9.380679193647402103e-01,9.380679193647402103e-01,9.380679193647402103e-01,9.380679193647402103e-01,9.380679193647402103e-01,9.380679193647402103e-01,9.380679193647402103e-01,9.380679193647402103e-01,5.174288773357189619e-01,1.521666543312494957e+00,2.335182227356796258e-01,-6.025299411592180410e-02,-3.663757977501517216e-01,1.558057120298846077e-01,-7.147702183976555323e-01,-3.314878448394763533e-01,6.552893759853447575e-01,7.380335752308000430e-01,4.709871901322880694e-01,-2.006686830008833633e-01,-1.370721490373277285e-01,6.348414437773226560e-01
1.482858711041792565e+00,-3.898318177212042324e-01,-9.126544463907907412e-01,-4.540561826099795972e-01,-1.646833596985321391e+00,8.952477520495383256e-01,-9.228229514052849192e-01,8.607499998790326678e-01,-1.280717283412229124e+00,-1.710111306434150880e+00,-1.291977480042948878e+00,-2.340081432343013468e+00,-1.161024248851943774e+00,1.343311598631234727e+00,1.343311598631234727e+00,1.343311598631234727e+00,1.343311598631234727e+00,1.343311598631234727e+00,1.343311598631234727e+00,1.343311598631234727e+00,1.343311598631234727e+00,1.343311598631234727e+00,1.343311598631234727e+00,1.343311598631234727e+00,1.343311598631234727e+00,9.383204529709472386e-01,1.292167861571677401e+00,1.295867092219790129e-01,1.806561933326731872e-01,-7.291291151262087045e-01,1.748821682625220919e-01,-8.767482193865351325e-01,-3.655853090839956687e-01,9.976619441065543992e-01,1.889191259102295517e-01,1.307505055214991607e+00,6.099053258259594656e-01,-1.486136350882124146e+00,-2.322048054785507687e-01
9.002402335796118038e-01,-6.741345524445953030e-01,-1.092078921859558127e+00,-6.215322250185082442e-01,-1.286538041354909900e+00,5.953560301032375657e-01,-7.287645445707713332e-01,-8.786611785417525189e-02,-4.115298948879478891e-01,-1.924249621125585286e+00,-1.082077412325374466e+00,-1.949692222180394063e+00,-1.040155324176264662e+00,4.771150950138555724e-01,4.771150950138555724e-01,4.771150950138555724e-01,4.771150950138555724e-01,4.771150950138555724e-01,4.771150950138555724e-01,4.771150950138555724e-01,4.771150950138555724e-01,4.771150950138555724e-01,4.771150950138555724e-01,4.771150950138555724e-01,4.771150950138555724e-01,8.670621444027601932e-01,1.097930536267082591e+00,-3.821834420263710980e-02,-8.481793884064854627e-02,-8.812339593859308540e-01,2.631599977735903373e-01,-2.842574095417362279e-01,-6.755418087189913878e-01,8.415762820303646086e-01,6.274804631312371761e-01,9.374499495945541883e-01,-1.226851886991951468e-01,-1.310132550047480304e+00,1.324465078476773083e+00
4.737401694763463955e-01,-8.719176255804121922e-01,-1.523451649169129007e+00,-3.368088644882964444e-01,-1.102929362477383268e+00,1.149011124553886987e+00,-8.360445710316211088e-01,-6.961100678199818592e-01,-5.679501308525300995e-01,-1.893584142833300232e+00,-5.900313851447318569e-01,-1.149649071988426030e+00,-9.055878476195946547e-01,6.856605437691130900e-02,6.856605437691130900e-02,6.856605437691130900e-02,6.856605437691130900e-02,6.856605437691130900e-02,6.856605437691130900e-02,6.856605437691130900e-02,6.856605437691130900e-02,6.856605437691130900e-02,6.856605437691130900e-02,6.856605437691130900e-02,6.856605437691130900e-02,8.100078763423532724e-01,1.149041777167987055e+00,-2.299440499169377594e-01,-5.412269941535282625e-01,-1.352998471152926596e+00,4.147443434227922054e-01,5.896673738042353952e-01,-5.273135404077796684e-01,8.179824242670993284e-01,2.766192528553828023e-01,7.115829620274545519e-02,-3.880852777548686738e-01,-4.414027735832693478e-01,3.082909469127218305e+00
2.142471520963145637e-01,-8.976741677147348497e-01,-1.797585279241908029e+00,-5.431268739290985581e-02,-9.440012663927167536e-01,1.578504027034585588e+00,-1.082021743152148163e+00,-1.018769399950739452e+00,-7.676941639524490490e-01,-1.214064675072197064e+00,1.190743418873003723e-01,2.290081316901204922e-01,-7.948757610401380180e-01,-6.315823408583302045e-01,-6.315823408583302045e-01,-6.315823408583302045e-01,-6.315823408583302045e-01,-6.315823408583302045e-01,-6.315823408583302045e-01,-6.315823408583302045e-01,-6.315823408583302045e-01,-6.315823408583302045e-01,-6.315823408583302045e-01,-6.315823408583302045e-01,-6.315823408583302045e-01,1.596839781163753802e+00,1.199333737950744050e+00,-3.207405954320476926e-01,-9.694694310447623531e-01,-1.635699880389484218e+00,7.013560051929645933e-01,1.375825332741592355e+00,-4.066102291939266422e-01,6.139032329060556403e-01,-6.641242720764523044e-01,-8.548509963265765732e-01,-1.569386843712989588e-01,4.867829722698964190e-01,5.184777690565860464e-01
2.800405846617007311e-02,-1.137791206497881458e+00,-1.760532563047444654e+00,-8.204876153719775633e-02,-3.506433036060481734e-01,1.565900113359728785e+00,-1.134349317825942727e+00,-1.310458878697960960e+00,-8.471070707099505048e-01,-7.384911665585273122e-01,7.057082762700728207e-01,1.380967583526337972e+00,-6.684405426724692179e-01,-9.061081980977291339e-01,-9.061081980977291339e-01,-9.061081980977291339e-01,-9.061081980977291339e-01,-9.061081980977291339e-01,-9.061081980977291339e-01,-9.061081980977291339e-01,-9.061081980977291339e-01,-9.061081980977291339e-01,-9.061081980977291339e-01,-9.061081980977291339e-01,-9.061081980977291339e-01,2.509100804649302852e+00,1.181454672790354099e+00,-4.791985779510601340e-01,-1.433885633310025831e+00,-1.733153039713387411e+00,9.530047843825298903e-01,1.803217359132913034e+00,-2.319538270299911498e-01,5.121723888175065964e-01,-1.466588047240636961e+00,-1.817096121450751944e+00,3.595557096302459676e-01,1.427839581707020411e+00,-2.512484446299650731e+00
-1.498755816368477489e-01,-1.479026562552641977e+00,-1.609038134946614296e+00,-5.697213897284044565e-02,2.012034968805420654e-01,1.706833760557576962e+00,-1.202379809990308246e+00,-1.440428403855260164e+00,-8.854382499861390698e-01,-5.025513578616795929e-01,1.587033046465827768e+00,1.401012603076543961e+00,-4.455769831378843526e-01,-1.776404815628938483e+00,-1.776404815628938483e+00,-1.776404815628938483e+00,-1.776404815628938483e+00,-1.776404815628938483e+00,-1.776404815628938483e+00,-1.776404815628938483e+00,-1.776404815628938483e+00,-1.776404815628938483e+00,-1.776404815628938483e+00,-1.776404815628938483e+00,-1.776404815628938483e+00,1.882329371076712610e+00,1.078935278021819988e+00,-7.097803030027813875e-01,-1.809019688585108421e+00,-1.873620107679035085e+00,1.215443214506856551e+00,2.087414074646896101e+00,-1.042822955489243128e-02,2.457322663326407253e-01,-2.339403001801502402e+00,-1.863143824588534114e+00,3.643168606520820196e-01,2.003972702622639712e+00,-1.378507205975807448e-01
-5.311644577424242675e-01,-1.602558537455904819e+00,-1.320319738261222398e+00,1.600795611812491637e-01,6.658653065407766913e-01,1.422269652647681459e+00,-1.384832563101251024e+00,-1.081782249421120001e+00,-3.538910841563137621e-01,-7.564994452315385899e-03,2.157809037631257532e+00,3.683269956657495570e-01,-1.891121906305136824e-01,-1.728161350985520039e+00,-1.728161350985520039e+00,-1.728161350985520039e+00,-1.728161350985520039e+00,-1.728161350985520039e+00,-1.728161350985520039e+00,-1.728161350985520039e+00,-1.728161350985520039e+00,-1.728161350985520039e+00,-1.728161350985520039e+00,-1.728161350985520039e+00,-1.728161350985520039e+00,1.123819320387967391e+00,7.180661909002853394e-01,-9.661082937324045883e-01,-2.105304677093597032e+00,-1.400902520711195365e+00,1.686875990933047964e+00,1.785038738469514330e+00,-3.259496695975688252e-01,-4.156751353720129494e-01,-2.692808565674146060e+00,-7.691802467494832651e-01,9.386367309990895080e-01,1.655887475664642450e+00,1.228875524597007107e+00
-8.962097642958188892e-01,-1.369289642852776323e+00,-1.298165151029861741e+00,7.286970439618412065e-01,2.582976177473386703e-01,1.075108106148135345e+00,-1.437607703529261372e+00,-6.561834712302189176e-02,3.843488984196990477e-01,6.131776355822543545e-01,1.389813841993992716e+00,-5.958067330142441387e-01,-5.558580597487444014e-02,-9.649206332747752857e-01,-9.649206332747752857e-01,-9.649206332747752857e-01,-9.649206332747752857e-01,-9.649206332747752857e-01,-9.649206332747752857e-01,-9.649206332747752857e-01,-9.649206332747752857e-01,-9.649206332747752857e-01,-9.649206332747752857e-01,-9.649206332747752857e-01,-9.649206332747752857e-01,1.806028025386799962e+00,3.544676446637179401e-01,-1.168007214462653431e+00,-1.811312785980125017e+00,-4.627489096320523410e-01,1.748415324902870438e+00,9.069228741483612577e-01,-1.047059290074655147e+00,-8.115007700066282359e-01,-1.486440190847248877e+00,6.309899620884976690e-01,8.373047447866128756e-01,3.218016780998827486e-01,-1.053147020143650803e+00
-1.310540515242361481e+00,-1.293926957370721720e+00,-1.107351338278999897e+00,1.139362953176658477e+00,4.591634100000927532e-01,4.820696664641135332e-01,-1.498221292815513195e+00,1.973191441355593712e-01,1.389064730780474877e+00,1.352789383979304150e+00,7.439162741297390413e-01,-1.384943614542487600e+00,9.276438300060088626e-02,4.168844235164663459e-03,4.168844235164663459e-03,4.168844235164663459e-03,4.168844235164663459e-03,4.168844235164663459e-03,4.168844235164663459e-03,4.168844235164663459e-03,4.168844235164663459e-03,4.168844235164663459e-03,4.168844235164663459e-03,4.168844235164663459e-03,4.168844235164663459e-03,1.800904693020301428e+00,-2.137066081733103237e-02,-1.442894950859982650e+00,-1.889998021358960889e+00,3.461089719062170889e-01,2.087295258364471717e+00,6.009926199776403077e-01,-1.903294188736517567e+00,-1.638131289618568909e+00,-4.568239016876939895e-01,1.964772722577964092e+00,1.281056366491254206e+00,-1.103580562352701744e+00,-1.065522903892099027e+00
-1.560541748125583661e+00,-1.236840207098378830e+00,-9.839452547232734325e-01,1.851586434708964335e+00,1.074488987425178260e-01,1.208694642505606237e-01,-1.564449704000006491e+00,7.989094470029434181e-01,2.111060553262155803e+00,1.502135396678152768e+00,3.768060852439968911e-01,-1.514591101143947682e+00,3.235297213127983906e-01,4.258449823328299688e-01,4.258449823328299688e-01,4.258449823328299688e-01,4.258449823328299688e-01,4.258449823328299688e-01,4.258449823328299688e-01,4.258449823328299688e-01,4.258449823328299688e-01,4.258449823328299688e-01,4.258449823328299688e-01,4.258449823328299688e-01,4.258449823328299688e-01,1.225183741539340287e+00,-3.636508472670745840e-01,-1.849697860448630937e+00,-1.587730069875682659e+00,1.251313956006256722e+00,2.180139252165797625e+00,-8.929150978729807897e-02,-2.509608607939436631e+00,-1.503113775420616083e+00,2.903845836044528506e-01,2.196453007755035269e+00,1.317341725686362208e+00,-1.607007846487489511e+00,-9.470613799748756056e-01
-1.627650244175825822e+00,-1.097076915176637302e+00,-6.578619231026635594e-01,1.992525420102816414e+00,-7.094113461469919724e-01,2.258001271013752587e-01,-1.248789563239857570e+00,1.540120851074929798e+00,1.961156998433369880e+00,9.841225374816262583e-01,3.895268387888784489e-01,-7.032460463696534880e-01,4.711496535869114100e-01,-3.746149044899164671e-01,-3.746149044899164671e-01,-3.746149044899164671e-01,-3.746149044899164671e-01,-3.746149044899164671e-01,-3.746149044899164671e-01,-3.746149044899164671e-01,-3.746149044899164671e-01,-3.746149044899164671e-01,-3.746149044899164671e-01,-3.746149044899164671e-01,-3.746149044899164671e-01,1.213238394540164800e+00,-8.299490994866643989e-01,-1.806367495459711536e+00,-5.832841886957428335e-01,1.481465719535778769e+00,1.514041821417259737e+00,-8.792122888620615972e-01,-2.147301675919734976e+00,-3.301424838571760390e-01,2.716579245373495488e-01,1.134022679440825909e+00,6.428024564555160358e-01,-7.892417640187333605e-01,-2.100623042243068284e+00
-1.700901621023382715e+00,-1.049684290545607857e+00,-1.394209966395816291e-01,1.675530114673471127e+00,-1.080815208820071316e+00,3.946378617032304803e-02,-5.172704261498927147e-01,1.933576595312569424e+00,1.875873648208070898e+00,-4.660595917453960735e-02,1.840951245485137819e-02,6.217258556241436196e-01,6.198543226201048695e-01,-1.055693363265471918e+00,-1.055693363265471918e+00,-1.055693363265471918e+00,-1.055693363265471918e+00,-1.055693363265471918e+00,-1.055693363265471918e+00,-1.055693363265471918e+00,-1.055693363265471918e+00,-1.055693363265471918e+00,-1.055693363265471918e+00,-1.055693363265471918e+00,-1.055693363265471918e+00,7.028175271581541539e-01,-1.333062894704424517e+00,-1.637111013543460336e+00,4.394084083987170319e-01,1.567909108500182391e+00,5.615069404767771832e-01,-1.716664544117989744e+00,-1.584959490589916253e+00,1.314848972182527831e+00,8.334761985327481248e-01,-5.999205626454414686e-01,-4.875402153909450531e-01,-2.701415902795212959e-02,-1.652987287617709633e+00
-1.662365161497271648e+00,-8.550570048647682109e-01,1.031402825171485876e-01,1.464918422769013739e+00,-1.402848677872411187e+00,-6.353989545462630784e-02,1.044552334722756298e-01,1.814619205650204181e+00,1.466941815246349368e+00,-4.927342949946713624e-01,-8.533839312795656051e-02,7.702031788605637752e-01,7.657716189783271288e-01,-8.886655970099188728e-01,-8.886655970099188728e-01,-8.886655970099188728e-01,-8.886655970099188728e-01,-8.886655970099188728e-01,-8.886655970099188728e-01,-8.886655970099188728e-01,-8.886655970099188728e-01,-8.886655970099188728e-01,-8.886655970099188728e-01,-8.886655970099188728e-01,-8.886655970099188728e-01,5.498914346873486764e-02,-1.552285051879670918e+00,-1.404667868710317791e+00,1.197875951573491582e+00,1.489438784198753307e+00,-3.176803503795795902e-01,-1.834425841737548746e+00,-8.387635149567949089e-01,1.701522309435736124e+00,9.130609169963114224e-01,-1.173322396774475029e+00,-7.509303011366150749e-01,7.335382853181728890e-01,-7.840413336938789612e-01
-1.559029224477191056e+00,-5.834626445728556821e-01,2.440734743242300997e-01,9.136603566309061675e-01,-1.802537207754135506e+00,9.968728311540377973e-01,2.379832856938276509e-01,1.462042419004498939e+00,7.397679008981363769e-01,-1.543407503375711087e-01,4.162616745484726960e-02,5.135105889775966048e-01,8.417231983704488441e-01,2.629040668011135007e-01,2.629040668011135007e-01,2.629040668011135007e-01,2.629040668011135007e-01,2.629040668011135007e-01,2.629040668011135007e-01,2.629040668011135007e-01,2.629040668011135007e-01,2.629040668011135007e-01,2.629040668011135007e-01,2.629040668011135007e-01,2.629040668011135007e-01,-2.086794329064645681e-01,-1.672753985697249757e+00,-7.217507056215677341e-01,1.666029751012235272e+00,1.886276025443094084e-01,-7.515096073325753245e-01,-7.814366218561986654e-01,-2.420455751310303938e-01,1.115741157683950657e+00,3.677078098270731843e-01,-8.276086954357262382e-01,2.030057044592568916e-01,4.745129415624791958e-01,-4.440035687119202046e-01
-1.107724043504962452e+00,-6.756204194692713161e-01,1.022296568731926536e+00,-5.407174754018696100e-02,-1.690743000259919526e+00,1.584071572153803453e+00,3.843995647556566198e-01,8.679635496782180937e-01,2.080795443705258652e-01,-3.446567130746069907e-01,5.552070330565088696e-01,6.886471792765213040e-01,8.953019570973075325e-01,1.194721133105891342e+00,1.194721133105891342e+00,1.194721133105891342e+00,1.194721133105891342e+00,1.194721133105891342e+00,1.194721133105891342e+00,1.194721133105891342e+00,1.194721133105891342e+00,1.194721133105891342e+00,1.194721133105891342e+00,1.194721133105891342e+00,1.194721133105891342e+00,-3.775147900641789289e-01,-1.883095661195295811e+00,-1.617190954501271927e-01,2.121718522245215954e+00,-1.049939813642501996e+00,-9.793102381177757332e-01,1.805549085162816425e-02,3.573479992571807484e-01,1.038902041791484265e+00,-6.501257069552530687e-01,-7.297812483607859502e-01,1.589225210129880050e+00,-4.724538667522347746e-01,-2.381012868666219362e-01
-6.855115204883764912e-01,-6.261091149271436063e-01,1.118037248119833293e+00,-2.802606997946977541e-01,-1.054443672840084778e+00,1.026282656161055851e+00,7.090728230263644294e-01,-4.560182863391483710e-01,-3.483672517075179814e-04,1.424659957310490666e-01,1.042259622244240402e+00,3.462152069911333396e-01,9.336714061369842943e-01,7.887754734068816997e-01,7.887754734068816997e-01,7.887754734068816997e-01,7.887754734068816997e-01,7.887754734068816997e-01,7.887754734068816997e-01,7.887754734068816997e-01,7.887754734068816997e-01,7.887754734068816997e-01,7.887754734068816997e-01,7.887754734068816997e-01,7.887754734068816997e-01,-4.537428041716101701e-01,-1.510027041614409038e+00,-1.076702026136002605e-01,1.882991460836103581e+00,-1.144420653014942557e+00,-1.152641923150212078e+00,1.053314479891584776e+00,9.006974914918542963e-01,-2.248456275250700631e-01,-9.818015717862702552e-01,-2.011671810181162312e-01,1.256665257213596343e+00,-4.437688754513430811e-01,-3.158117338470028401e-01
-2.799345930627202272e-01,-2.559124675556535555e-01,1.678314836529435639e-01,-2.586941265511720489e-02,-6.901807069460257071e-02,3.252440835141760522e-01,5.662757015389227044e-01,-8.485319274099776266e-01,-1.405631696608400372e-01,4.081139424455533238e-01,2.011561808656559425e+00,2.214022604858180976e-01,9.631851341042669823e-01,8.573530563972306950e-01,8.573530563972306950e-01,8.573530563972306950e-01,8.573530563972306950e-01,8.573530563972306950e-01,8.573530563972306950e-01,8.573530563972306950e-01,8.573530563972306950e-01,8.573530563972306950e-01,8.573530563972306950e-01,8.573530563972306950e-01,8.573530563972306950e-01,-5.090777109209797535e-01,-3.288824070047189352e-01,-1.087559135581794290e-01,4.878708898182179121e-01,-5.455004303530489596e-01,-6.749502070747842586e-01,1.094392099947619323e+00,1.147270383362124280e+00,-7.147434162616850273e-01,-2.074146842819480696e+00,2.274436180276825925e-01,2.113088117422118994e+00,-1.002611644730586171e+00,-4.168629026424587880e-01
-1.050902529477933528e-01,-2.254219612310916776e-01,3.293717473945151908e-01,2.571040582038507383e-01,-1.617224803156525614e-01,2.267527484860534237e-01,2.257124905005612470e-01,-2.466591505697268982e-01,-4.599357035085307466e-01,8.889752031580830938e-01,1.832594532551733213e+00,-2.133669058610503655e-01,9.906893856218209615e-01,-6.372435541741190423e-01,-6.372435541741190423e-01,-6.372435541741190423e-01,-6.372435541741190423e-01,-6.372435541741190423e-01,-6.372435541741190423e-01,-6.372435541741190423e-01,-6.372435541741190423e-01,-6.372435541741190423e-01,-6.372435541741190423e-01,-6.372435541741190423e-01,-6.372435541741190423e-01,-6.281424078211443884e-01,-3.430719069905227014e-01,-2.565669599198727169e-01,4.505688831836672792e-01,-1.089970289601285003e-01,-3.974061420080396978e-01,6.779878331707046568e-01,1.004387685773854288e+00,-9.926671361533728755e-01,-1.631368648973022362e+00,1.029927965443506066e+00,2.427229637129741657e-01,-2.233261555292572975e+00,-2.818031726728049691e-01
5.340010998067468845e-02,-1.911358274317967176e-01,5.949619480907240021e-01,5.983454955287427213e-01,-3.117002568944911012e-01,-1.198165999434935847e-01,3.438522228924592583e-02,3.899480977141624172e-02,3.158625071254742706e-02,9.979227471485389023e-01,1.240077465062332296e+00,-3.700105071765664722e-01,1.012315925411108708e+00,-1.322452988584456701e+00,-1.322452988584456701e+00,-1.322452988584456701e+00,-1.322452988584456701e+00,-1.322452988584456701e+00,-1.322452988584456701e+00,-1.322452988584456701e+00,-1.322452988584456701e+00,-1.322452988584456701e+00,-1.322452988584456701e+00,-1.322452988584456701e+00,-1.322452988584456701e+00,-7.391802095058467303e-01,-4.553786706451066202e-01,-4.783523509335733115e-01,6.067225435122365340e-01,4.651229291567660074e-01,-1.418033318640697371e-01,2.627586190968719260e-01,3.689185684610510330e-01,-1.000325864292963773e+00,-5.961033678869154251e-01,1.028566350440359267e+00,-9.667255296775651985e-01,-1.231758394517663113e+00,-1.100276621331296445e-01
3.873979417015950555e-02,3.380707847854199088e-01,8.261638000934823367e-01,4.419750420396089674e-01,7.906534778147381592e-01,-1.298998344386447679e+00,3.129571662845908597e-01,5.906630358802817948e-01,6.704609830643029622e-02,5.400809852246651888e-01,2.958952616053067697e-01,-5.274547085066048080e-01,1.022849231733779840e+00,7.827304863746682717e-02,7.827304863746682717e-02,7.827304863746682717e-02,7.827304863746682717e-02,7.827304863746682717e-02,7.827304863746682717e-02,7.827304863746682717e-02,7.827304863746682717e-02,7.827304863746682717e-02,7.827304863746682717e-02,7.827304863746682717e-02,7.827304863746682717e-02,-7.837953177652083880e-01,-3.732136645085173954e-01,-2.340141216681505543e-01,6.232623805889793422e-02,1.504560263301901957e+00,-5.066266158590861102e-02,-1.080322950955156402e+00,3.086491308775791698e-01,-3.731321314623623486e-01,1.984882989570236345e-01,2.338173076280850304e-01,-4.270795069040990155e-01,7.572971415719744748e-01,-4.477092189456446936e-02
-2.066673229819938062e-01,1.414879553078703278e+00,6.715732438415608074e-01,7.829188590650078272e-02,1.131807307350712666e+00,-6.623686938808677205e-01,1.228594536962254180e+00,-7.254651906110226589e-01,-1.534059537747116453e+00,-1.873185691026505451e+00,-9.682990245578407817e-01,-8.284457485255176945e-02,1.028648943789810533e+00,9.709232733971382423e-01,9.709232733971382423e-01,9.709232733971382423e-01,9.709232733971382423e-01,9.709232733971382423e-01,9.709232733971382423e-01,9.709232733971382423e-01,9.709232733971382423e-01,9.709232733971382423e-01,9.709232733971382423e-01,9.709232733971382423e-01,9.709232733971382423e-01,-8.001445242549094505e-01,-3.553098641241762556e-01,8.442065092114093838e-01,2.554351420778527837e-01,3.587032372262781155e-01,-1.256815203079236998e+00,-4.263550131764012874e-01,1.699878703771540822e+00,1.217535587022598786e+00,8.254815134271844546e-01,-5.263981864358225904e-01,-1.101921333988860274e+00,-7.024574750160296199e-01,-2.314452401387388086e-02
-1.059386866812816463e-01,1.540309890894375089e+00,5.731994535100702892e-01,-8.351049105614170021e-01,8.801420948253237952e-01,-3.569173413982058563e-01,1.326235086901733418e+00,-5.404197192115176573e-01,-1.605806699206480781e+00,-1.773168792315530817e+00,-8.710678707790479036e-01,-1.071087599144605468e-01,1.032823013690217229e+00,2.498283849943610524e-01,2.498283849943610524e-01,2.498283849943610524e-01,2.498283849943610524e-01,2.498283849943610524e-01,2.498283849943610524e-01,2.498283849943610524e-01,2.498283849943610524e-01,2.498283849943610524e-01,2.498283849943610524e-01,2.498283849943610524e-01,2.498283849943610524e-01,-8.087878630764637755e-01,-2.742609584049159888e-01,1.478441518350742889e+00,4.490601945054154553e-01,-3.745684551814557062e-01,-1.467578216497610555e+00,-3.774098644260902580e-01,1.854589941881186199e+00,1.218211970999807381e+00,9.532030123031428603e-01,-3.040086070550309660e-01,-1.947277541310894700e+00,-8.793852357775862050e-01,-1.230743473486335150e-02
-5.827033259751457361e-01,1.643013241343240338e+00,9.457851587901575652e-01,-6.728380667057460851e-01,6.210746108240089436e-01,-1.179994514249947724e+00,1.468851938683022551e+00,-1.129004846345441848e+00,-9.180339317899940399e-01,-1.709224156783112569e+00,-3.072295216379535843e-01,1.422682694533024650e+00,1.036292383549608509e+00,2.686816516850970560e-01,2.686816516850970560e-01,2.686816516850970560e-01,2.686816516850970560e-01,2.686816516850970560e-01,2.686816516850970560e-01,2.686816516850970560e-01,2.686816516850970560e-01,2.686816516850970560e-01,2.686816516850970560e-01,2.686816516850970560e-01,2.686816516850970560e-01,-8.132158519955277054e-01,-9.284694642104395212e-01,1.313800540391304894e+00,9.500343483615053541e-01,2.076328643822732967e-01,-1.578326469775755525e+00,-3.065593637686425676e-01,1.715345377037803543e+00,1.472071419252550584e+00,3.606993556455474481e-01,-1.742102048721675400e+00,-8.893236962596474671e-01,8.036217702454787615e-01,-1.144221545283870094e-02
-4.551205161184448955e-01,1.457418822324597851e+00,1.466087943230291790e+00,-1.253406854534432568e+00,9.995045314751745957e-01,-1.905501571844046227e+00,1.543958087628288345e+00,-1.607510041001252610e+00,-8.045771366064123631e-02,-2.973119443662139427e-01,1.409454802862326606e-01,1.368484871409391020e-02,1.039234470895485263e+00,2.293350112051029399e-01,2.293350112051029399e-01,2.293350112051029399e-01,2.293350112051029399e-01,2.293350112051029399e-01,2.293350112051029399e-01,2.293350112051029399e-01,2.293350112051029399e-01,2.293350112051029399e-01,2.293350112051029399e-01,2.293350112051029399e-01,2.293350112051029399e-01,-8.158854128518271409e-01,-1.119586197151621221e+00,1.359356697908658207e+00,1.008313869871051205e+00,3.036230057617169131e-01,-1.359221658840058966e+00,2.184093749481900992e-01,1.393473013051396814e+00,-5.845890606911811060e-01,1.835700590547345301e-01,1.837795190479715735e-02,-2.980115332100591319e-01,8.347985891365521105e-02,-1.851965230397716738e-02
-3.770568843719295793e-01,1.454816976876589063e+00,1.512682745408066243e+00,-1.826856626682912488e+00,9.856134000555327734e-01,-1.860227542407974832e+00,1.458029688248199562e+00,-1.403984124856651361e+00,5.984742057298340079e-01,7.930718433473171736e-01,-1.636631690817777207e-01,-7.717227952663494595e-01,1.042072695174150798e+00,1.629406903632630410e+00,1.629406903632630410e+00,1.629406903632630410e+00,1.629406903632630410e+00,1.629406903632630410e+00,1.629406903632630410e+00,1.629406903632630410e+00,1.629406903632630410e+00,1.629406903632630410e+00,1.629406903632630410e+00,1.629406903632630410e+00,1.629406903632630410e+00,-8.198364630146437460e-01,-1.101515755677176855e+00,1.672749837676193341e+00,9.950259927819071759e-01,-1.018281435214582996e-02,-1.133765362629790774e+00,4.642715011110699064e-01,8.151266982494848046e-01,-1.747193616251283110e+00,3.710865983961519898e-01,1.289697269168690763e+00,1.211856875242832920e+00,-1.129482269417431961e-01,-3.023733760710530655e-02
-2.848957239994493948e-02,1.398226557958984539e+00,1.061926611111828844e+00,-1.935944631651879133e+00,1.243747335567217061e+00,-1.942680115562158916e+00,1.398581524827620992e+00,-1.480905751415281024e+00,2.027102615202248881e+00,9.759619154186998102e-01,-7.571463918512105762e-01,-1.152454669410971855e+00,1.044634275349000552e+00,1.508450325509202994e+00,1.508450325509202994e+00,1.508450325509202994e+00,1.508450325509202994e+00,1.508450325509202994e+00,1.508450325509202994e+00,1.508450325509202994e+00,1.508450325509202994e+00,1.508450325509202994e+00,1.508450325509202994e+00,1.508450325509202994e+00,1.508450325509202994e+00,-8.264073515451278995e-01,-4.813227051909230725e-01,1.675721948257008931e+00,4.986315798539636135e-01,-3.192895114548063157e-02,-6.910209895394839874e-01,5.522586815428419671e-01,-2.856520644878853821e-01,-2.101925310121504076e+00,1.718583667169384599e+00,1.648602459033333467e+00,7.028929505341915407e-01,-4.399027424651864859e-02,-3.474800386112225636e-02
-2.293128968407967261e-01,1.286803168244194051e+00,1.136956632581446414e+00,-2.176571436195547271e+00,1.673352891231949080e+00,-6.314117091122856129e-01,1.618126374797549394e+00,-8.825177852964490866e-01,3.326996630051661796e-01,1.014878675827309618e+00,-1.042191472255182827e+00,8.109808617876351766e-02,1.046909334747385900e+00,1.553548951000511824e+00,1.553548951000511824e+00,1.553548951000511824e+00,1.553548951000511824e+00,1.553548951000511824e+00,1.553548951000511824e+00,1.553548951000511824e+00,1.553548951000511824e+00,1.553548951000511824e+00,1.553548951000511824e+00,1.553548951000511824e+00,1.553548951000511824e+00,-8.368175946208600280e-01,-5.741170007946988507e-01,1.965613275205212229e+00,3.437174314838457589e-01,-1.054957999929881485e+00,-1.119488809219812087e+00,7.933977987454815528e-01,8.591495071616301882e-01,-1.319105139579807240e+00,1.042640124694131476e+00,5.213461675100520276e-01,5.900362931575693359e-01,3.297500950878411441e-01,-2.461984287745818539e-02
-2.902515968725681572e-02,1.312633877393354354e+00,1.506751213122232036e+00,-1.475712404338080486e+00,1.586480115074365704e+00,-5.582781578711074055e-02,1.596975184351736354e+00,-9.635937728471962727e-01,-2.994820451758211100e-01,9.450366015529831909e-01,-1.238800940082469770e+00,1.214459260593844458e+00,1.048534330090326483e+00,1.317880247414017436e+00,1.317880247414017436e+00,1.317880247414017436e+00,1.317880247414017436e+00,1.317880247414017436e+00,1.317880247414017436e+00,1.317880247414017436e+00,1.317880247414017436e+00,1.317880247414017436e+00,1.317880247414017436e+00,1.317880247414017436e+00,1.317880247414017436e+00,-8.458749182062857974e-01,-7.163626682614602226e-01,1.714408581131072973e+00,6.135889737879310912e-01,-1.132503086717567387e+00,-1.253565501281731720e+00,1.173482225509496990e+00,1.173132862738151871e+00,-8.411357620623680642e-01,1.162779973027901592e+00,-6.764791042285906997e-01,-1.350532797597035206e-01,1.176582757818766867e+00,5.683000221368258911e-04
2.074956901058044312e-01,1.133856930461830226e+00,1.403211238656092874e+00,-1.105750672701593995e+00,1.849593138766288281e+00,-4.421428605769517350e-01,1.313146972948678215e+00,-3.789216914635093469e-01,6.809400812941694969e-01,1.425261839800360697e+00,2.549299655014580224e-01,-4.120694787583946694e-01,1.049325560366366927e+00,1.608248431311239290e+00,1.608248431311239290e+00,1.608248431311239290e+00,1.608248431311239290e+00,1.608248431311239290e+00,1.608248431311239290e+00,1.608248431311239290e+00,1.608248431311239290e+00,1.608248431311239290e+00,1.608248431311239290e+00,1.608248431311239290e+00,1.608248431311239290e+00,-8.507021690822627047e-01,-4.180170457132332262e-01,1.318235304798899721e+00,1.825258404496282738e-01,-4.154445245508737172e-01,-6.521868661130880707e-01,6.053759756622333343e-01,7.634136267123169395e-01,-1.611164506027867871e+00,-1.227130513913786136e-01,8.219481944765831827e-01,1.698838358169376450e+00,7.641780327875548062e-01,5.683000221368258911e-04
